[{
  "_id": {
    "$oid": "6199967db7e081a560cd7e27"
  },
  "informacion": {
    "nombre": "Juan",
    "apellido": "Troya",
    "edad": 50,
    "dni": 2204655483,
    "fechaNacimiento": "12/03/71",
    "telefono": 123123456
  },
  "login": {
    "user": "admin",
    "password": "Tener la conciencia limpia es señal de mala memoria xd"
  },
  "salario": 80000,
  "tipo": "Administrador"
},{
  "_id": {
    "$oid": "6199967db7e081a560cd7e28"
  },
  "informacion": {
    "nombre": "Manuel",
    "apellido": "Trompo",
    "edad": 30,
    "dni": 3732423456,
    "fechaNacimiento": "8/12/91",
    "telefono": 1578594549
  },
  "salario": 45000,
  "tipo": "Cajero"
},{
  "_id": {
    "$oid": "6199967db7e081a560cd7e29"
  },
  "informacion": {
    "nombre": "Matias",
    "apellido": "Gerez",
    "edad": 19,
    "dni": 42353980,
    "fechaNacimiento": "12/03/02",
    "telefono": 1132424
  },
  "salario": 60000,
  "tipo": "cocinero"
},{
  "_id": {
    "$oid": "6199967db7e081a560cd7e2a"
  },
  "informacion": {
    "nombre": "Fernando",
    "apellido": "Gago",
    "edad": 22,
    "dni": 40988778,
    "fechaNacimiento": "4/06/99",
    "telefono": 154498989
  },
  "salario": 40000,
  "tipo": "mozo"
},{
  "_id": {
    "$oid": "6199967db7e081a560cd7e2b"
  },
  "informacion": {
    "nombre": "Tiago",
    "apellido": "Pedernal",
    "edad": 17,
    "dni": 45588512,
    "fechaNacimiento": "30/10/03",
    "telefono": 1588889997
  },
  "salario": 40000,
  "tipo": "mozo"
},{
  "_id": {
    "$oid": "6199967db7e081a560cd7e2c"
  },
  "informacion": {
    "nombre": "Pedro",
    "apellido": "Lopez",
    "edad": 19,
    "dni": 4187888,
    "fechaNacimiento": "18/09/02",
    "telefono": 1565345683
  },
  "salario": 40000,
  "tipo": "mozo"
},{
  "_id": {
    "$oid": "6199967db7e081a560cd7e2d"
  },
  "informacion": {
    "nombre": "Santiago",
    "apellido": "Chacho",
    "edad": 21,
    "dni": 40988778,
    "fechaNacimiento": "24/02/00",
    "telefono": 1548874569
  },
  "salario": 40000,
  "tipo": "mozo"
},{
  "_id": {
    "$oid": "6199967db7e081a560cd7e2e"
  },
  "informacion": {
    "nombre": "Enrique",
    "apellido": "Pozo",
    "edad": 40,
    "dni": 3078495556,
    "fechaNacimiento": "9/11/81",
    "telefono": 1578784749
  },
  "salario": 39000,
  "tipo": "Limpieza"
}]